{
  "properties": {
    "connectionReferences": {
      "shared_office365": {
        "runtimeSource": "invoker",
        "connection": {
          "connectionReferenceLogicalName": "new_sharedoffice365_6eb56"
        },
        "api": {
          "name": "shared_office365"
        }
      }
    },
    "definition": {
      "$schema": "https://schema.management.azure.com/providers/Microsoft.Logic/schemas/2016-06-01/workflowdefinition.json#",
      "contentVersion": "1.0.0.0",
      "parameters": {
        "$connections": {
          "defaultValue": {},
          "type": "Object"
        },
        "$authentication": {
          "defaultValue": {},
          "type": "SecureObject"
        }
      },
      "triggers": {
        "manual": {
          "metadata": {
            "operationMetadataId": "bddadce0-47ea-4ddb-b6ce-2317366e8a54"
          },
          "type": "Request",
          "kind": "PowerAppV2",
          "inputs": {
            "schema": {
              "type": "object",
              "properties": {
                "text": {
                  "title": "Nome_Lead",
                  "type": "string",
                  "x-ms-dynamically-added": true,
                  "description": "Nome do Lead",
                  "x-ms-content-hint": "TEXT"
                },
                "email": {
                  "title": "Email_Lead",
                  "type": "string",
                  "format": "email",
                  "x-ms-dynamically-added": true,
                  "description": "Email do Lead",
                  "x-ms-content-hint": "EMAIL"
                }
              },
              "required": [
                "text",
                "email"
              ]
            }
          }
        }
      },
      "actions": {
        "Send_an_email_(V2)": {
          "runAfter": {},
          "metadata": {
            "operationMetadataId": "93f37122-0efc-462c-95d8-0a00ea7204d0"
          },
          "type": "OpenApiConnection",
          "inputs": {
            "host": {
              "connectionName": "shared_office365",
              "operationId": "SendEmailV2",
              "apiId": "/providers/Microsoft.PowerApps/apis/shared_office365"
            },
            "parameters": {
              "emailMessage/To": "@triggerBody()['email']",
              "emailMessage/Subject": "Recebemos seu contato | Dexter",
              "emailMessage/Body": "<p>Olá, @{triggerBody()['text']}! Tudo bem?<br>\n<br>\nÉ um prazer ter você em nossa base. Recebemos seu contato e já estamos ansiosos para conhecer mais sobre a sua empresa.<br>\n<br>\nAqui no Dexter Co, ajudamos negócios a transformarem sua percepção de valor através de branding, tráfego pago e design estratégico. Queremos que você não apenas venda mais, mas que sua marca seja lembrada.<br>\n<br>\nEm breve, um de nossos especialistas entrará em contato. Se tiver urgência, pode nos chamar diretamente por aqui!</p>",
              "emailMessage/Importance": "Normal"
            },
            "authentication": "@parameters('$authentication')"
          }
        }
      }
    },
    "templateName": ""
  },
  "schemaVersion": "1.0.0.0"
}