<ImportExportXml version="9.2.25123.166" SolutionPackageVersion="9.2" languagecode="1033" generatedBy="CrmLive" xmlns:xsi="http://www.w3.org/2001/XMLSchema-instance" OrganizationVersion="9.2.25123.166" OrganizationSchemaType="Full" CRMServerServiceabilityVersion="9.2.25123.00166">
  <SolutionManifest>
    <UniqueName>LaeadsMaue</UniqueName>
    <LocalizedNames>
      <LocalizedName description="Laeads Maue" languagecode="1033" />
    </LocalizedNames>
    <Descriptions />
    <Version>1.0.0.0</Version>
    <Managed>1</Managed>
    <Publisher>
      <UniqueName>DefaultPublisherorg9cc16965</UniqueName>
      <LocalizedNames>
        <LocalizedName description="Default Publisher for org9cc16965" languagecode="1033" />
      </LocalizedNames>
      <Descriptions>
        <Description description="Default publisher for this organization" languagecode="1033" />
      </Descriptions>
      <EMailAddress xsi:nil="true"></EMailAddress>
      <SupportingWebsiteUrl xsi:nil="true"></SupportingWebsiteUrl>
      <CustomizationPrefix>new</CustomizationPrefix>
      <CustomizationOptionValuePrefix>10000</CustomizationOptionValuePrefix>
      <Addresses>
        <Address>
          <AddressNumber>1</AddressNumber>
          <AddressTypeCode xsi:nil="true"></AddressTypeCode>
          <City xsi:nil="true"></City>
          <County xsi:nil="true"></County>
          <Country xsi:nil="true"></Country>
          <Fax xsi:nil="true"></Fax>
          <FreightTermsCode xsi:nil="true"></FreightTermsCode>
          <ImportSequenceNumber xsi:nil="true"></ImportSequenceNumber>
          <Latitude xsi:nil="true"></Latitude>
          <Line1 xsi:nil="true"></Line1>
          <Line2 xsi:nil="true"></Line2>
          <Line3 xsi:nil="true"></Line3>
          <Longitude xsi:nil="true"></Longitude>
          <Name xsi:nil="true"></Name>
          <PostalCode xsi:nil="true"></PostalCode>
          <PostOfficeBox xsi:nil="true"></PostOfficeBox>
          <PrimaryContactName xsi:nil="true"></PrimaryContactName>
          <ShippingMethodCode xsi:nil="true"></ShippingMethodCode>
          <StateOrProvince xsi:nil="true"></StateOrProvince>
          <Telephone1 xsi:nil="true"></Telephone1>
          <Telephone2 xsi:nil="true"></Telephone2>
          <Telephone3 xsi:nil="true"></Telephone3>
          <TimeZoneRuleVersionNumber xsi:nil="true"></TimeZoneRuleVersionNumber>
          <UPSZone xsi:nil="true"></UPSZone>
          <UTCOffset xsi:nil="true"></UTCOffset>
          <UTCConversionTimeZoneCode xsi:nil="true"></UTCConversionTimeZoneCode>
        </Address>
        <Address>
          <AddressNumber>2</AddressNumber>
          <AddressTypeCode xsi:nil="true"></AddressTypeCode>
          <City xsi:nil="true"></City>
          <County xsi:nil="true"></County>
          <Country xsi:nil="true"></Country>
          <Fax xsi:nil="true"></Fax>
          <FreightTermsCode xsi:nil="true"></FreightTermsCode>
          <ImportSequenceNumber xsi:nil="true"></ImportSequenceNumber>
          <Latitude xsi:nil="true"></Latitude>
          <Line1 xsi:nil="true"></Line1>
          <Line2 xsi:nil="true"></Line2>
          <Line3 xsi:nil="true"></Line3>
          <Longitude xsi:nil="true"></Longitude>
          <Name xsi:nil="true"></Name>
          <PostalCode xsi:nil="true"></PostalCode>
          <PostOfficeBox xsi:nil="true"></PostOfficeBox>
          <PrimaryContactName xsi:nil="true"></PrimaryContactName>
          <ShippingMethodCode xsi:nil="true"></ShippingMethodCode>
          <StateOrProvince xsi:nil="true"></StateOrProvince>
          <Telephone1 xsi:nil="true"></Telephone1>
          <Telephone2 xsi:nil="true"></Telephone2>
          <Telephone3 xsi:nil="true"></Telephone3>
          <TimeZoneRuleVersionNumber xsi:nil="true"></TimeZoneRuleVersionNumber>
          <UPSZone xsi:nil="true"></UPSZone>
          <UTCOffset xsi:nil="true"></UTCOffset>
          <UTCConversionTimeZoneCode xsi:nil="true"></UTCConversionTimeZoneCode>
        </Address>
      </Addresses>
    </Publisher>
    <RootComponents>
      <RootComponent type="1" schemaName="new_clientes" behavior="0" />
      <RootComponent type="1" schemaName="new_funcionarios" behavior="0" />
      <RootComponent type="1" schemaName="new_leads" behavior="0" />
      <RootComponent type="29" id="{f17fe579-a100-f111-8406-6045bd045b9b}" behavior="0" />
      <RootComponent type="62" schemaName="new_Maue" behavior="0" />
      <RootComponent type="62" schemaName="new_Maue_ADM" behavior="0" />
      <RootComponent type="80" schemaName="new_Maue_ADM" behavior="0" />
      <RootComponent type="300" schemaName="new_clientesatuais_3a776" behavior="0" />
      <RootComponent type="300" schemaName="new_funcionrios_33211" behavior="0" />
      <RootComponent type="300" schemaName="new_gestodeleads_770d2" behavior="0" />
      <RootComponent type="300" schemaName="new_gestomaue_15b0d" behavior="0" />
      <RootComponent type="300" schemaName="new_leads_14a99" behavior="0" />
    </RootComponents>
    <MissingDependencies>
      <MissingDependency>
        <Required type="61" schemaName="msdyn_/Images/AppModule_Default_Icon.png" displayName="msdyn_/Images/AppModule_Default_Icon.png" solution="AppModuleWebResources (2.5)">
          <package appName="AppModule Web Resources Package" version="2.5">AppModuleWebResources (2.5)</package>
        </Required>
        <Dependent type="80" schemaName="new_Maue_ADM" displayName="Dexter_ADM" />
      </MissingDependency>
      <MissingDependency>
        <Required type="61" schemaName="msdyn_csac_casesettings" displayName="msdyn_csac_casesettings" solution="msdyn_CSAdminCenterApp (1.165.251112.5)">
          <package appName="ServiceExtended" version="9.0.25104.2018">msdyn_ServiceExtendedAnchor (9.0.25104.2018)</package>
        </Required>
        <Dependent type="62" schemaName="new_Maue" />
      </MissingDependency>
      <MissingDependency>
        <Required type="61" schemaName="msdyn_OmnichannelBase/_imgs/SitemapIcon/PersonalQuickReplies" displayName="msdyn_OmnichannelBase/_imgs/SitemapIcon/PersonalQuickReplies" solution="OmnichannelBase (1.10.0.124)">
          <package appName="UnifiedRoutingPrime" version="1.5.27.148">UnifiedRoutingPrimeAnchor (1.5.27.148)</package>
        </Required>
        <Dependent type="62" schemaName="new_Maue" />
      </MissingDependency>
      <MissingDependency>
        <Required type="61" schemaName="Swarming/_imgs/msdyn_swarmentityicon.svg" displayName="Swarming/_imgs/msdyn_swarmentityicon.svg" solution="msdyn_Swarming (9.0.25104.2018)">
          <package appName="ServiceExtended" version="9.0.25104.2018">msdyn_ServiceExtendedAnchor (9.0.25104.2018)</package>
        </Required>
        <Dependent type="62" schemaName="new_Maue" />
      </MissingDependency>
      <MissingDependency>
        <Required type="SettingDefinition" displayName="AppChannel" solution="msdyn_AppFrameworkInfraExtensions (1.0.0.15)" id.uniquename="AppChannel">
          <package appName="PowerAppsAppFramework Package" version="1.0.0.23">PowerAppsAppFramework_Anchor (1.0.0.23)</package>
        </Required>
        <Dependent type="AppSetting" displayName="parentappmoduleid.uniquename=new_Maue_ADM,settingdefinitionid.uniquename=AppChannel" id.parentappmoduleid.uniquename="new_Maue_ADM" id.settingdefinitionid.uniquename="AppChannel" />
      </MissingDependency>
    </MissingDependencies>
  </SolutionManifest>
</ImportExportXml>